date,CO,NH3,NO2,O3,PM10,PM2_5,SO2,AQI
2023-12-31,38.739,4.348,23.0,64.45,134.0,173.826,3.13,241.4
2024-01-01,43.208,4.583,24.292,72.476,137.083,198.5,3.208,260.4
2024-01-02,35.043,3.792,19.625,45.714,126.864,129.545,3.0,207.3
2024-01-03,38.75,3.292,17.292,60.444,149.833,221.958,10.0,278.4
2024-01-04,38.25,4.792,25.292,54.938,147.708,209.042,10.125,268.5
2024-01-05,34.292,5.167,26.958,70.875,125.583,142.042,8.583,217.0
2024-01-06,33.714,5.286,27.857,30.263,133.762,140.286,6.81,215.6
2024-01-07,34.9,4.7,24.8,3.5,138.1,163.0,7.9,233.1
2024-01-08,39.286,4.857,24.429,42.0,93.0,66.286,8.143,110.5
2024-01-09,25.833,3.208,16.292,18.857,113.5,104.417,10.458,174.0
2024-01-10,23.0,2.667,13.5,32.95,88.875,89.208,6.208,148.7
2024-01-11,30.792,2.833,14.75,54.056,117.0,125.5,11.75,204.2
2024-01-12,41.167,4.333,22.333,56.667,131.875,160.667,16.833,231.3
2024-01-13,43.8,5.133,26.133,72.111,158.0,186.933,16.4,251.5
2024-01-16,20.667,4.667,25.333,95.917,75.0,84.636,11.182,141.1
2024-01-17,21.125,4.333,24.864,52.143,91.417,83.292,3.75,138.8
2024-01-18,18.417,3.833,19.833,50.947,81.833,80.667,3.583,134.4
2024-01-19,24.042,4.625,24.333,39.647,89.292,85.958,3.5,143.3
2024-01-20,27.0,4.857,26.19,41.571,95.905,89.619,3.524,149.4
2024-01-21,38.714,5.714,30.071,35.0,136.667,109.083,4.0,181.8
2024-01-22,27.292,4.75,25.208,50.458,101.87,100.826,4.25,168.0
2024-01-23,28.708,5.208,27.5,75.65,93.417,74.667,4.417,124.4
2024-01-24,31.292,6.333,34.042,68.238,117.542,93.25,4.25,155.4
2024-01-25,37.042,7.0,37.208,56.565,111.708,99.417,4.375,165.7
2024-01-26,42.333,6.917,37.542,66.174,148.833,159.0,5.333,230.0
2024-01-27,36.667,6.667,35.167,66.524,128.5,133.917,5.083,210.7
2024-01-28,35.0,6.375,33.833,100.947,129.458,158.792,4.417,229.8
2024-01-29,32.625,6.875,36.417,89.143,118.958,109.167,4.333,181.9
2024-01-30,27.875,6.458,34.208,97.263,121.958,105.333,4.583,175.6
2024-01-31,25.083,5.833,30.833,81.619,117.708,114.375,4.625,190.6
2024-02-01,30.9,7.0,37.5,18.778,97.2,67.7,2.7,112.8
2024-02-02,21.0,5.083,26.417,75.056,98.0,68.833,4.542,114.7
2024-02-03,46.5,7.375,38.958,49.333,149.75,137.833,5.292,213.7
2024-02-04,39.25,6.458,34.625,73.45,145.417,153.917,4.917,226.1
2024-02-05,31.333,6.583,34.542,101.533,114.833,120.0,5.125,200.0
2024-02-06,30.5,7.25,38.583,89.105,132.583,133.208,5.042,210.2
2024-02-07,30.375,3.208,26.5,64.053,118.792,92.0,4.5,153.3
2024-02-08,35.833,7.042,37.5,83.333,142.667,101.833,5.542,169.7
2024-02-09,35.333,7.25,38.917,86.2,145.875,102.792,5.083,171.3
2024-02-10,26.333,5.875,37.15,114.421,128.042,94.708,5.333,157.8
2024-02-11,26.5,1.533,22.8,58.091,129.929,94.643,4.0,157.7
2024-02-12,26.071,6.5,34.143,89.786,94.667,80.267,5.214,133.8
2024-02-13,34.783,6.783,50.826,63.565,102.81,61.762,8.773,102.9
2024-02-14,69.167,10.958,123.208,68.174,143.792,117.875,15.083,196.5
2024-02-15,64.792,9.538,95.308,85.667,140.375,113.75,21.875,189.6
2024-02-16,55.583,4.286,26.143,82.95,128.833,125.333,17.583,204.1
2024-02-17,66.083,5.375,33.167,76.842,127.958,104.958,19.708,174.9
2024-02-18,46.583,3.75,23.875,177.6,106.667,85.375,16.458,142.3
2024-02-19,44.958,3.583,23.125,78.857,95.25,115.542,15.0,192.6
2024-02-20,40.375,3.208,21.25,53.25,83.958,63.458,10.625,105.8
2024-02-21,31.167,2.583,17.292,67.353,76.708,56.167,9.042,93.6
2024-02-22,25.917,2.125,15.0,65.333,86.042,51.5,9.625,85.8
2024-02-23,28.167,2.292,16.083,85.316,95.25,50.667,8.542,84.4
2024-02-24,42.458,3.417,22.042,94.667,114.042,82.5,8.333,137.5
2024-02-25,53.292,4.458,27.292,69.792,114.417,87.333,6.458,145.6
2024-02-26,61.167,4.917,31.042,85.333,137.125,144.167,12.375,218.6
2024-02-27,45.708,3.583,23.458,132.667,117.458,104.292,12.917,173.8
2024-02-28,43.167,3.0,18.667,80.118,104.333,81.0,13.0,135.0
2024-02-29,52.0,4.5,24.958,50.474,105.875,101.833,15.625,169.7
2024-03-01,55.542,4.708,25.375,65.6,124.667,94.5,16.292,157.5
2024-03-02,26.5,3.083,16.458,52.318,75.875,66.833,10.292,111.4
2024-03-03,17.542,2.0,10.0,43.458,50.458,37.667,9.125,62.8
2024-03-04,32.125,3.333,17.958,50.286,68.75,37.708,7.333,62.8
2024-03-05,41.833,3.875,21.083,84.333,104.792,81.958,8.208,136.6
2024-03-06,39.542,3.333,18.125,69.875,102.708,85.917,7.708,143.2
2024-03-07,44.045,3.304,17.652,60.727,106.263,79.316,6.0,132.2
2024-03-08,43.273,5.818,32.409,118.647,122.217,92.217,10.435,153.7
2024-03-09,41.625,5.833,32.125,102.474,113.0,93.125,12.0,155.2
2024-03-10,40.458,15.958,85.75,96.476,102.708,79.167,11.625,131.9
2024-03-11,44.167,15.864,85.364,87.5,117.042,110.958,13.375,184.9
2024-03-12,41.565,9.6,52.467,119.3,130.696,112.696,17.435,187.8
2024-03-13,28.625,11.5,62.958,87.143,103.292,74.417,14.625,124.0
2024-03-14,31.75,11.75,65.083,97.545,109.167,76.583,15.25,127.6
2024-03-15,29.917,8.792,48.167,82.5,106.167,72.542,11.75,120.9
2024-03-16,41.292,0.0,1.0,103.625,113.792,80.458,11.458,134.1
2024-03-17,39.25,0.0,1.0,119.471,114.583,81.125,12.75,135.2
2024-03-18,34.083,0.739,1.0,89.85,83.958,56.708,8.25,94.5
2024-03-19,30.333,1.5,10.875,86.042,94.5,66.125,11.167,110.2
2024-03-20,43.042,1.739,22.458,74.042,105.0,83.522,10.13,139.2
2024-03-21,53.5,1.318,23.278,96.818,131.455,121.727,18.227,201.3
2024-03-22,37.583,1.75,21.167,139.826,113.5,133.458,18.375,210.4
2024-03-23,33.958,1.708,22.375,139.391,104.833,85.5,18.833,142.5
2024-03-24,29.458,1.667,20.542,124.095,96.458,75.958,16.917,126.6
2024-03-25,36.273,1.667,21.542,97.75,91.25,81.292,20.792,135.5
2024-03-26,32.875,1.75,21.708,118.625,88.125,76.375,17.542,127.3
2024-03-27,27.917,1.833,6.333,122.652,94.292,73.75,11.042,122.9
2024-03-28,31.083,2.0,11.182,118.75,94.833,74.125,10.958,123.5
2024-03-29,27.913,1.913,10.783,123.0,92.13,75.957,14.609,126.6
2024-03-30,24.75,1.333,7.292,120.75,109.375,82.375,18.875,137.3
2024-03-31,25.833,1.125,11.409,108.182,98.375,71.875,14.375,119.8
2024-04-01,32.125,1.542,38.579,108.87,93.167,74.417,9.5,124.0
2024-04-02,27.167,1.458,19.167,125.826,106.25,75.25,9.292,125.4
2024-04-03,26.625,1.458,16.958,122.25,110.083,76.333,11.542,127.2
2024-04-04,29.542,1.5,19.792,94.375,98.875,69.292,12.083,115.5
2024-04-05,29.25,1.333,18.083,110.667,111.333,79.917,15.417,133.2
2024-04-06,27.875,1.292,18.455,83.167,98.167,69.25,14.667,115.4
2024-04-07,27.0,1.417,17.0,96.792,95.333,70.708,13.542,117.8
2024-04-08,23.292,1.375,16.826,86.826,59.625,46.0,5.708,76.7
2024-04-09,27.792,1.375,15.0,116.5,83.458,69.458,10.292,115.8
2024-04-10,31.471,1.737,17.056,81.684,101.133,86.2,12.3,143.7
2024-04-11,25.87,4.13,23.348,100.826,88.087,74.652,3.889,124.4
2024-04-12,24.625,3.542,19.708,69.5,78.083,70.5,4.5,117.5
2024-04-13,23.583,3.5,19.583,89.095,71.792,60.167,4.455,100.3
2024-04-14,22.75,3.292,18.125,83.696,63.125,53.0,7.083,88.3
2024-04-15,31.667,3.833,21.5,75.5,95.5,83.917,7.25,139.9
2024-04-16,30.0,3.435,18.957,78.304,103.391,82.217,8.087,137.0
2024-04-17,38.562,3.083,16.875,49.714,112.739,96.304,6.708,160.5
2024-04-18,15.6,2.421,12.842,103.0,83.556,66.833,4.368,111.4
2024-04-19,19.636,2.0,11.2,106.1,76.818,64.909,8.545,108.2
2024-04-20,18.75,2.188,12.812,65.75,78.312,60.375,4.625,100.6
2024-04-27,26.625,1.75,13.0,135.875,83.125,72.0,9.5,120.0
2024-04-28,25.5,2.25,16.125,94.542,108.083,84.333,9.083,140.6
2024-04-29,28.167,2.625,19.292,103.739,106.167,93.5,9.667,155.8
2024-04-30,25.125,2.875,21.208,107.583,99.083,79.292,9.458,132.2
2024-05-01,15.75,2.125,14.792,79.708,83.875,54.417,7.375,90.7
2024-05-02,20.833,2.625,16.048,85.875,82.792,55.583,7.417,92.6
2024-05-03,19.208,2.667,15.583,100.667,100.75,60.958,6.542,101.6
2024-05-04,20.909,3.682,17.667,98.609,108.696,73.217,7.208,122.0
2024-05-05,18.458,6.75,27.043,80.708,85.958,63.417,9.0,105.7
2024-05-06,14.958,4.167,17.042,59.625,53.917,40.542,6.762,67.6
2024-05-07,13.174,2.478,7.125,65.13,69.217,37.261,5.217,62.1
2024-05-08,15.5,2.167,7.208,90.292,80.625,47.583,5.875,79.3
2024-05-09,16.083,2.208,6.792,82.042,85.083,48.583,4.917,81.0
2024-05-10,16.643,2.786,8.357,49.5,68.857,43.786,3.571,73.0
2024-05-16,27.429,3.286,9.714,104.857,54.286,49.214,4.429,82.0
2024-05-17,28.167,3.0,8.833,93.083,73.609,68.913,4.167,114.9
2024-05-18,26.0,2.833,8.25,97.875,82.864,78.045,4.167,130.1
2024-05-19,20.917,2.417,1.375,98.75,88.375,75.625,4.083,126.0
2024-05-20,28.462,2.917,4.154,82.385,105.273,64.769,11.846,107.9
2024-05-21,16.833,2.917,7.708,98.25,83.864,62.909,4.783,104.8
2024-05-22,17.19,2.952,13.571,107.476,95.417,56.167,6.9,93.6
2024-05-24,15.0,3.273,13.727,98.0,68.455,56.727,5.909,94.5
2024-05-25,13.792,3.958,21.958,52.25,74.167,52.125,3.583,86.9
2024-05-26,11.458,4.0,22.25,47.833,70.042,47.917,3.125,79.9
2024-05-27,13.208,4.292,24.542,34.583,83.167,50.083,3.833,83.5
2024-05-28,11.208,4.25,24.5,48.333,76.375,48.042,4.25,80.1
2024-05-29,9.958,4.167,22.542,40.667,73.042,43.083,5.042,71.8
2024-05-30,10.043,4.043,23.565,48.696,78.13,57.304,6.696,95.5
2024-05-31,11.833,4.167,20.391,46.625,77.739,35.875,4.958,59.8
2024-06-01,17.812,4.125,3.312,30.688,74.25,38.25,9.5,63.8
2024-06-02,10.476,2.524,3.312,48.095,49.571,37.619,3.667,62.7
2024-06-03,16.667,4.0,4.0,37.0,87.0,42.5,9.167,70.8
2024-06-04,17.85,3.333,16.059,34.095,79.2,50.45,13.35,84.1
2024-06-05,20.417,2.875,19.75,20.15,126.176,29.941,3.583,49.9
2024-06-06,18.875,2.75,12.909,23.1,92.526,36.542,2.826,60.9
2024-06-07,20.13,2.762,21.478,26.565,71.348,40.435,4.391,67.4
2024-06-08,16.75,4.25,26.792,41.375,67.792,38.125,5.458,63.5
2024-06-09,15.889,4.789,28.737,40.55,62.35,34.5,6.368,57.5
2024-06-10,18.333,5.375,29.542,41.833,64.792,36.083,3.5,60.1
2024-06-11,12.75,4.792,22.5,33.75,56.667,30.625,2.917,51.0
2024-06-12,13.304,4.609,22.478,25.174,46.0,23.583,2.435,39.3
2024-06-13,13.304,4.609,22.217,24.826,44.609,22.522,3.957,37.5
2024-06-14,10.75,4.083,5.0,21.458,37.333,17.708,3.958,29.5
2024-06-15,12.542,3.25,13.667,19.208,34.292,17.292,3.875,28.8
2024-06-16,13.25,2.833,18.5,27.458,49.958,19.583,4.833,32.6
2024-06-17,13.292,2.417,17.25,16.13,78.542,28.0,3.708,46.7
2024-06-18,12.625,2.625,16.708,20.542,60.667,33.417,3.458,55.7
2024-06-19,13.917,3.0,18.583,22.583,49.125,27.625,4.5,46.0
2024-06-20,16.75,3.083,18.167,26.636,60.5,23.25,4.5,38.8
2024-06-21,15.083,2.083,16.708,17.739,72.25,26.833,3.75,44.7
2024-06-22,11.708,2.917,18.458,28.25,60.875,33.083,3.75,55.1
2024-06-23,11.667,2.833,19.167,24.375,64.625,40.375,4.292,67.3
2024-06-24,10.542,2.833,17.125,26.875,32.625,20.625,4.333,34.4
2024-06-25,13.083,3.375,20.458,26.708,29.25,22.917,4.167,38.2
2024-06-26,16.042,3.25,19.75,22.5,30.583,18.333,3.458,30.6
2024-06-27,10.5,1.739,17.208,56.292,27.0,11.75,4.0,19.6
2024-06-28,12.87,0.565,18.304,67.783,41.565,18.087,4.435,30.1
2024-06-29,15.333,1.0,17.042,31.333,58.875,23.542,1.826,39.2
2024-06-30,12.375,1.0,15.792,10.708,67.0,23.909,2.5,39.8
2024-07-01,9.042,1.0,13.75,19.083,63.542,28.542,3.042,47.6
2024-07-02,11.087,1.0,12.609,15.0,50.545,21.25,3.364,35.4
2024-07-03,12.583,1.0,14.667,15.875,77.292,38.833,5.125,64.7
2024-07-04,14.042,1.167,14.042,14.25,56.167,27.417,5.708,45.7
2024-07-05,12.917,2.167,13.833,13.25,64.458,31.875,5.375,53.1
2024-07-06,11.125,2.458,16.542,18.542,78.375,39.5,6.625,65.8
2024-07-07,13.333,2.375,15.5,21.167,74.125,37.042,6.375,61.7
2024-07-08,12.708,2.667,18.667,23.958,100.708,67.958,6.208,113.3
2024-07-09,13.0,2.75,18.667,21.917,78.375,47.083,5.042,78.5
2024-07-10,12.174,2.478,16.696,21.435,43.826,30.696,4.739,51.2
2024-07-11,11.667,2.5,16.792,22.333,37.958,25.958,4.875,43.3
2024-07-12,12.833,2.292,15.75,17.042,36.0,24.542,4.417,40.9
2024-07-13,12.0,2.375,15.875,16.792,29.208,19.125,3.458,31.9
2024-07-14,12.875,2.708,19.083,16.708,30.958,20.417,3.167,34.0
2024-07-15,14.833,2.5,16.958,13.167,34.875,23.458,3.167,39.1
2024-07-16,15.5,2.5,16.708,17.292,38.125,26.208,4.524,43.7
2024-07-17,12.412,2.842,19.211,15.579,43.632,30.632,3.714,51.1
2024-07-18,14.0,2.0,15.667,20.042,19.792,11.667,2.292,19.4
2024-07-19,12.917,3.125,21.75,21.458,21.958,13.292,3.792,22.2
2024-07-20,12.375,2.583,19.917,25.292,26.0,11.833,4.25,19.7
2024-07-21,10.792,2.292,18.0,25.208,27.583,10.5,3.625,17.5
2024-07-22,14.167,2.583,20.375,21.375,35.042,17.917,3.167,29.9
2024-07-23,14.542,2.458,19.5,21.625,35.25,12.917,3.0,21.5
2024-07-24,21.417,2.458,19.625,18.875,33.458,10.917,2.708,18.2
2024-07-25,23.333,2.875,23.333,22.625,23.25,9.625,1.708,16.0
2024-07-26,15.458,1.958,13.875,25.583,40.333,11.958,3.667,19.9
2024-07-27,16.292,1.792,13.667,19.125,48.125,18.75,3.375,31.2
2024-07-28,20.625,2.333,18.417,17.708,59.625,17.708,3.0,29.5
2024-07-29,21.75,2.632,20.105,14.636,40.833,19.792,2.053,33.0
2024-07-30,28.8,2.125,13.375,8.2,20.636,13.182,6.9,22.0
2024-07-31,24.75,3.5,25.5,12.333,29.667,21.792,3.75,36.3
2024-08-01,19.958,3.167,26.333,12.292,30.833,15.458,5.0,25.8
2024-08-02,21.458,3.25,20.25,14.125,21.458,10.542,4.375,17.6
2024-08-03,20.792,3.25,20.125,14.375,30.708,13.083,3.917,21.8
2024-08-04,17.333,2.667,17.267,16.0,25.071,8.071,8.3,13.5
2024-08-05,19.375,3.083,18.417,16.5,37.208,17.208,4.438,28.7
2024-08-06,20.739,2.87,18.261,13.304,31.304,14.217,4.696,23.7
2024-08-07,18.273,1.826,11.478,12.391,31.05,15.0,4.818,25.0
2024-08-08,14.417,3.25,16.7,12.125,35.792,18.875,5.708,31.5
2024-08-09,18.208,2.917,22.375,8.478,33.167,17.542,3.167,29.2
2024-08-10,13.833,1.792,19.625,11.125,30.125,15.75,3.583,26.2
2024-08-11,12.958,1.583,17.167,12.333,30.0,19.708,4.292,32.8
2024-08-12,14.167,1.25,11.542,12.048,33.042,16.458,3.583,27.4
2024-08-13,15.083,1.917,21.125,16.182,43.875,20.792,4.667,34.7
2024-08-14,16.042,2.208,27.542,30.435,56.667,30.292,6.292,50.5
2024-08-15,10.958,2.083,25.583,28.696,60.042,32.8,5.739,54.7
2024-08-16,15.375,2.083,24.25,16.875,61.348,29.875,3.875,49.8
2024-08-17,14.125,1.562,16.0,19.938,51.5,27.188,3.375,45.3
2024-08-19,41.167,1.5,11.75,38.0,26.364,18.545,4.455,30.9
2024-08-20,23.792,2.692,35.462,32.0,34.182,26.909,3.875,44.8
2024-08-21,39.208,1.917,21.042,26.75,55.348,34.87,4.375,58.1
2024-08-22,31.583,2.042,23.792,26.875,54.417,33.75,5.636,56.2
2024-08-23,19.083,1.708,17.125,13.458,29.217,16.478,3.583,27.5
2024-08-24,14.083,1.333,8.667,14.792,19.292,8.542,3.292,14.2
2024-08-25,10.708,1.5,14.083,18.125,13.75,5.167,5.417,8.6
2024-08-26,11.625,1.833,15.5,19.875,25.792,9.292,5.125,15.5
2024-08-27,14.333,1.167,7.333,16.708,18.583,9.167,4.083,15.3
2024-08-28,12.292,1.583,12.875,17.292,29.833,13.208,3.958,22.0
2024-08-29,15.125,1.5,12.708,14.083,42.042,20.583,5.167,34.3
2024-08-30,22.417,1.417,12.375,12.083,45.583,31.167,5.542,51.9
2024-08-31,16.25,1.167,7.292,16.417,41.167,19.167,5.042,31.9
2024-09-01,10.958,1.0,4.043,18.875,46.125,22.875,5.0,38.1
2024-09-02,15.042,2.154,17.846,15.75,39.292,19.875,3.792,33.1
2024-09-03,12.25,1.409,10.364,22.042,33.792,20.583,4.25,34.3
2024-09-04,13.13,1.417,11.542,19.182,41.136,25.905,5.9,43.2
2024-09-05,14.708,0.783,7.826,13.375,37.619,40.143,5.417,66.9
2024-09-06,14.905,0.476,5.095,12.667,50.294,37.294,3.381,62.2
2024-09-07,13.917,0.0,2.0,11.917,37.708,35.458,4.542,59.1
2024-09-08,13.25,0.043,2.042,9.542,36.211,34.474,4.5,57.5
2024-09-09,15.375,0.792,7.792,11.136,39.905,34.714,3.375,57.9
2024-09-10,14.75,1.25,12.042,8.0,31.625,19.5,3.591,32.5
2024-09-11,16.792,1.375,13.917,11.174,37.958,16.375,5.0,27.3
2024-09-12,15.792,1.458,14.0,15.75,39.167,24.583,5.708,41.0
2024-09-13,15.125,1.458,13.875,16.042,54.542,30.042,5.958,50.1
2024-09-14,18.542,1.375,13.167,17.5,49.167,25.667,5.333,42.8
2024-09-15,15.958,1.75,16.5,19.708,37.087,21.652,5.583,36.1
2024-09-16,18.174,2.174,18.304,27.3,52.348,27.261,5.478,45.4
2024-09-17,13.083,2.667,20.958,34.583,40.375,25.667,6.583,42.8
2024-09-18,14.292,2.792,22.083,36.261,57.167,28.375,6.917,47.3
2024-09-19,18.917,3.333,28.333,46.043,65.5,40.042,6.958,66.7
2024-09-20,18.25,3.542,29.042,57.083,75.583,59.417,7.083,99.0
2024-09-21,20.35,3.789,31.316,36.6,80.0,70.308,7.077,117.2
2024-09-22,14.042,2.75,22.75,32.75,64.238,51.0,5.562,85.0
2024-09-23,24.75,3.958,32.333,19.458,99.826,49.643,4.083,82.7
2024-09-24,25.708,4.792,41.083,21.292,97.368,62.286,3.542,103.8
2024-09-25,21.042,4.167,34.958,16.375,51.333,44.375,4.5,74.0
2024-09-26,19.375,3.875,31.375,17.583,27.833,25.75,4.75,42.9
2024-09-27,16.042,3.333,27.333,12.75,22.0,15.818,3.5,26.4
2024-09-28,15.958,3.083,24.75,11.208,31.875,15.167,3.083,25.3
2024-09-29,16.542,2.75,22.375,9.304,37.318,19.955,3.375,33.3
2024-09-30,23.667,3.583,30.583,25.429,45.13,29.957,4.792,49.9
2024-10-01,30.75,2.875,35.917,34.5,116.765,69.0,4.182,115.0
2024-10-02,25.55,3.0,36.833,23.95,148.05,101.2,3.667,168.7
2024-10-03,20.769,2.615,31.385,29.923,37.167,41.833,2.385,69.7
2024-10-04,21.333,2.417,28.958,15.417,45.588,49.312,3.708,82.2
2024-10-05,23.0,2.625,33.25,33.696,49.542,36.0,6.167,60.0
2024-10-06,27.708,2.917,35.208,31.13,58.087,57.565,6.708,95.9
2024-10-07,38.458,3.292,40.208,33.609,71.905,91.905,6.0,153.2
2024-10-08,30.1,3.105,38.895,41.889,77.263,90.167,4.421,150.3
2024-10-09,38.182,1.273,14.273,25.909,107.909,84.0,3.909,140.0
2024-10-10,35.304,1.478,16.609,13.857,189.091,80.455,5.304,134.1
2024-10-11,23.625,1.833,22.083,15.739,35.625,30.625,5.708,51.0
2024-10-12,29.647,1.824,22.176,15.7,47.588,37.059,6.5,61.8
2024-10-14,29.4,2.0,26.5,29.2,47.4,37.8,8.7,63.0
2024-10-15,28.458,2.333,29.792,22.381,50.75,34.458,7.375,57.4
2024-10-16,38.042,2.458,29.833,21.056,64.292,49.5,5.667,82.5
2024-10-17,36.917,2.208,26.875,11.455,61.542,54.958,3.5,91.6
2024-10-18,28.25,2.042,22.292,13.913,47.917,38.542,4.542,64.2
2024-10-19,26.696,2.043,23.13,11.727,48.652,34.565,5.739,57.6
2024-10-20,19.458,1.435,15.905,19.522,36.833,21.792,4.292,36.3
2024-10-21,19.292,1.167,20.667,20.273,37.833,22.708,4.667,37.8
2024-10-22,28.792,2.125,26.667,34.882,57.667,37.833,3.917,63.1
2024-10-23,28.917,2.417,28.375,25.864,51.417,39.375,5.478,65.6
2024-10-24,58.292,3.167,40.708,49.8,114.958,124.333,5.0,203.3
2024-10-25,52.333,3.542,44.25,63.286,116.375,125.208,4.1,204.0
2024-10-26,55.208,3.667,47.292,77.25,112.583,106.917,5.944,178.2
2024-10-27,44.667,3.25,39.292,73.867,102.792,96.583,4.625,161.0
2024-10-28,40.25,2.833,35.708,68.875,108.375,115.375,4.625,192.3
2024-10-29,39.125,2.708,33.792,64.211,115.042,130.833,4.625,208.3
2024-10-30,42.292,3.125,39.5,56.824,119.125,139.25,4.875,214.8
2024-10-31,45.0,3.083,38.875,57.4,107.125,128.833,4.75,206.8
2024-11-01,38.5,3.042,39.833,51.412,118.875,154.458,5.25,226.5
2024-11-02,53.583,3.375,43.208,64.2,242.75,288.625,5.75,329.7
2024-11-03,51.625,3.958,49.708,73.769,133.083,198.875,4.833,260.7
2024-11-04,57.917,4.125,53.0,63.643,132.875,214.522,5.955,272.7
2024-11-05,60.542,4.458,57.583,64.333,140.333,193.708,4.875,256.7
2024-11-06,54.208,4.292,56.667,73.8,123.5,147.25,4.75,221.0
2024-11-07,61.875,5.208,68.958,72.786,132.042,151.5,6.833,224.2
2024-11-08,66.875,5.0,65.042,73.786,141.913,193.0,5.167,256.2
2024-11-09,69.864,5.318,69.136,61.692,146.227,212.182,4.81,270.9
2024-11-10,66.5,4.917,65.75,70.571,143.125,241.792,5.625,293.7
2024-11-11,65.875,4.917,64.208,71.6,153.391,276.609,5.125,320.5
2024-11-12,70.87,5.348,71.087,70.0,146.826,240.739,7.348,292.9
2024-11-13,66.958,5.417,72.833,68.938,142.208,208.5,6.333,268.1
2024-11-14,63.208,4.917,64.833,42.6,126.364,182.524,4.824,248.1
2024-11-15,53.308,4.231,53.769,18.778,128.0,194.643,7.5,257.4
2024-11-16,74.667,4.048,51.381,39.714,132.429,225.333,2.571,281.0
2024-11-17,79.667,4.792,62.75,33.824,135.625,215.875,3.043,273.8
2024-11-18,70.333,4.917,64.5,36.444,123.0,180.458,2.091,246.5
2024-11-19,76.083,5.417,72.833,34.263,141.625,238.125,5.409,290.9
2024-11-20,77.167,5.0,66.542,39.389,138.0,234.292,5.5,287.9
2024-11-21,80.958,2.667,38.833,36.263,126.75,202.042,6.042,263.1
2024-11-22,91.417,2.958,42.583,40.688,136.542,218.167,5.5,275.5
2024-11-23,94.042,2.958,42.875,54.692,145.542,243.917,4.739,295.3
2024-11-24,90.625,2.667,38.5,39.6,132.111,253.176,4.75,302.4
2024-11-25,83.958,2.5,36.083,34.556,124.455,210.1,4.87,269.3
2024-11-26,79.208,2.5,36.542,29.714,125.792,72.75,5.208,121.2
2024-11-27,80.125,2.792,40.583,25.217,139.7,103.4,6.208,172.3
2024-11-28,73.476,2.524,37.429,25.056,134.444,225.278,6.476,281.0
2024-11-29,78.792,2.958,42.833,25.913,133.0,233.158,7.083,287.0
2024-11-30,89.708,3.458,52.417,29.952,167.444,292.667,7.083,332.8
2024-12-01,88.083,2.833,41.0,30.5,143.25,249.85,5.833,299.9
2024-12-02,75.833,2.0,27.625,25.941,109.381,197.737,4.417,259.8
2024-12-03,51.417,1.292,15.792,20.792,88.727,121.091,4.667,200.8
2024-12-04,63.25,1.375,17.167,15.636,77.842,95.684,4.625,159.5
2024-12-05,77.714,1.636,19.545,39.667,106.412,91.75,3.4,152.9
2024-12-06,45.125,0.792,9.15,76.0,107.842,109.316,1.13,182.2
2024-12-07,49.542,0.625,8.562,58.562,93.765,97.765,1.65,162.9
2024-12-08,43.958,0.833,8.143,43.938,88.3,80.85,1.0,134.8
2024-12-09,44.682,0.864,16.8,79.25,101.682,84.136,1.75,140.2
2024-12-10,40.476,1.773,25.0,67.524,113.5,88.455,2.4,147.4
2024-12-11,69.227,2.227,30.364,68.867,124.091,100.636,3.0,167.7
2024-12-12,69.409,2.227,29.773,85.333,99.0,72.636,2.368,121.1
2024-12-13,68.5,2.3,32.6,37.875,96.7,76.667,2.562,127.8
2024-12-14,52.579,2.0,28.263,68.842,89.706,69.125,4.5,115.2
2024-12-15,56.636,2.318,32.227,63.818,103.476,76.143,6.176,126.9
2024-12-16,87.238,2.857,41.286,28.4,115.316,83.842,3.778,139.7
2024-12-17,85.0,3.0,42.13,44.652,122.708,87.833,4.778,146.4
2024-12-18,91.13,3.217,47.087,37.905,121.913,95.217,3.619,158.7
2024-12-19,67.667,3.083,44.875,54.333,119.583,98.833,3.3,164.7
2024-12-20,30.917,2.292,32.125,80.357,88.792,66.458,2.65,110.8
2024-12-21,24.625,1.875,23.417,63.235,90.75,92.667,2.429,154.4
2024-12-22,15.45,1.4,18.35,28.0,104.647,106.059,1.176,176.8
2024-12-23,13.958,1.333,16.792,22.286,69.571,55.786,0.7,93.0
2024-12-24,20.25,1.75,20.083,46.8,130.833,138.583,1.545,214.3
2024-12-25,24.5,2.083,23.0,46.35,151.708,207.208,1.4,267.1
2024-12-26,24.75,1.875,21.75,29.8,105.917,112.417,0.889,187.4
2024-12-27,30.0,1.708,19.875,32.308,69.0,43.875,1.15,73.1
2024-12-28,34.15,1.55,17.7,29.8,73.65,39.5,1.684,65.8
2024-12-29,28.667,1.5,17.667,47.846,91.833,44.708,0.682,74.5
2024-12-30,23.739,1.609,18.304,36.647,70.15,49.55,1.0,82.6
2024-12-31,66.0,2.0,28.0,0.0,85.0,47.0,3.0,78.3
2026-03-30,60.0,9.0,40.0,77.0,50.0,70.0,8.0,116.7
2026-03-31,32.0,6.0,20.0,60.0,75.0,8.0,9.0,13.3
2026-04-01,30.0,3.0,30.0,50.0,100.0,75.0,6.0,125.0
2026-09-22,30.0,3.0,30.0,50.0,100.0,75.0,6.0,125.0
